{
  "Sakhir": {
    "circuit": "Sakhir",
    "n_laps": 57,
    "base_lap_time": 98.315,
    "pit_loss": 24.715000000000003,
    "sc_prob": 0.6,
    "vsc_prob": 0.6,
    "sc_expected_laps": 3.2,
    "passes_per_race": 184.4,
    "overtaking_difficulty": 0.13231773667029367,
    "deg_severity": 0.11762141136473843,
    "fuel_coef": 0.07108844919071962,
    "n_races": 5,
    "fallback": false
  },
  "Portim\u00e3o": {
    "circuit": "Portim\u00e3o",
    "n_laps": 66,
    "base_lap_time": 83.12,
    "pit_loss": 27.34199999999999,
    "sc_prob": 1.0,
    "vsc_prob": 0.0,
    "sc_expected_laps": 5.0,
    "passes_per_race": 118.0,
    "overtaking_difficulty": 0.5658324265505985,
    "deg_severity": 0.01119421322177319,
    "fuel_coef": 0.04514001307915421,
    "n_races": 1,
    "fallback": false
  },
  "Barcelona": {
    "circuit": "Barcelona",
    "n_laps": 66,
    "base_lap_time": 83.69,
    "pit_loss": 23.63899999999998,
    "sc_prob": 0.4,
    "vsc_prob": 0.2,
    "sc_expected_laps": 3.2,
    "passes_per_race": 189.2,
    "overtaking_difficulty": 0.10097932535364529,
    "deg_severity": 0.07848430621884707,
    "fuel_coef": 0.053591442567706524,
    "n_races": 5,
    "fallback": false
  },
  "Monte Carlo": {
    "circuit": "Monte Carlo",
    "n_laps": 78,
    "base_lap_time": 77.71549999999999,
    "pit_loss": 22.117999999999995,
    "sc_prob": 0.5,
    "vsc_prob": 0.0,
    "sc_expected_laps": 6.0,
    "passes_per_race": 57.5,
    "overtaking_difficulty": 0.9608269858541894,
    "deg_severity": 0.022914936121668516,
    "fuel_coef": 0.0341031488907486,
    "n_races": 2,
    "fallback": false
  },
  "Baku": {
    "circuit": "Baku",
    "n_laps": 51,
    "base_lap_time": 107.27250000000001,
    "pit_loss": 22.942999999999984,
    "sc_prob": 0.6,
    "vsc_prob": 0.4,
    "sc_expected_laps": 4.2,
    "passes_per_race": 105.0,
    "overtaking_difficulty": 0.6507072905331882,
    "deg_severity": 0.014412784870239554,
    "fuel_coef": 0.07015816978241561,
    "n_races": 5,
    "fallback": false
  },
  "Le Castellet": {
    "circuit": "Le Castellet",
    "n_laps": 53,
    "base_lap_time": 99.82274999999998,
    "pit_loss": 23.704000000000008,
    "sc_prob": 0.5,
    "vsc_prob": 0.5,
    "sc_expected_laps": 2.0,
    "passes_per_race": 114.0,
    "overtaking_difficulty": 0.5919477693144722,
    "deg_severity": 0.051785478255408045,
    "fuel_coef": 0.06472994877846028,
    "n_races": 2,
    "fallback": false
  },
  "Spielberg": {
    "circuit": "Spielberg",
    "n_laps": 71,
    "base_lap_time": 71.0635,
    "pit_loss": 21.477999999999994,
    "sc_prob": 0.25,
    "vsc_prob": 0.5,
    "sc_expected_laps": 2.25,
    "passes_per_race": 164.0,
    "overtaking_difficulty": 0.26550598476605003,
    "deg_severity": 0.04576491075367484,
    "fuel_coef": 0.037893528784746396,
    "n_races": 4,
    "fallback": false
  },
  "Silverstone": {
    "circuit": "Silverstone",
    "n_laps": 52,
    "base_lap_time": 93.17325,
    "pit_loss": 19.66449999999999,
    "sc_prob": 1.0,
    "vsc_prob": 0.5,
    "sc_expected_laps": 4.0,
    "passes_per_race": 89.0,
    "overtaking_difficulty": 0.7551686615886833,
    "deg_severity": 0.02301834019633847,
    "fuel_coef": 0.05773202490789714,
    "n_races": 2,
    "fallback": false
  },
  "Zandvoort": {
    "circuit": "Zandvoort",
    "n_laps": 72,
    "base_lap_time": 76.3435,
    "pit_loss": 22.858499999999992,
    "sc_prob": 0.5,
    "vsc_prob": 0.5,
    "sc_expected_laps": 5.75,
    "passes_per_race": 130.0,
    "overtaking_difficulty": 0.4874863982589771,
    "deg_severity": 0.036267843740760176,
    "fuel_coef": 0.040811773404568444,
    "n_races": 4,
    "fallback": false
  },
  "Monza": {
    "circuit": "Monza",
    "n_laps": 53,
    "base_lap_time": 86.917,
    "pit_loss": 25.7175,
    "sc_prob": 0.4,
    "vsc_prob": 0.4,
    "sc_expected_laps": 3.0,
    "passes_per_race": 134.4,
    "overtaking_difficulty": 0.4587595212187159,
    "deg_severity": 0.029871617637153458,
    "fuel_coef": 0.048356970685678846,
    "n_races": 5,
    "fallback": false
  },
  "Austin": {
    "circuit": "Austin",
    "n_laps": 56,
    "base_lap_time": 102.253,
    "pit_loss": 21.352500000000013,
    "sc_prob": 0.4,
    "vsc_prob": 0.4,
    "sc_expected_laps": 3.0,
    "passes_per_race": 146.0,
    "overtaking_difficulty": 0.38302502720348197,
    "deg_severity": 0.05627732475400882,
    "fuel_coef": 0.06425866124808297,
    "n_races": 5,
    "fallback": false
  },
  "Mexico City": {
    "circuit": "Mexico City",
    "n_laps": 71,
    "base_lap_time": 82.66,
    "pit_loss": 23.272,
    "sc_prob": 0.6,
    "vsc_prob": 0.6,
    "sc_expected_laps": 3.6,
    "passes_per_race": 118.4,
    "overtaking_difficulty": 0.563220892274211,
    "deg_severity": 0.03956208821656682,
    "fuel_coef": 0.04149872723354358,
    "n_races": 5,
    "fallback": false
  },
  "S\u00e3o Paulo": {
    "circuit": "S\u00e3o Paulo",
    "n_laps": 71,
    "base_lap_time": 75.127,
    "pit_loss": 22.201999999999984,
    "sc_prob": 1.0,
    "vsc_prob": 1.0,
    "sc_expected_laps": 9.666666666666666,
    "passes_per_race": 204.66666666666666,
    "overtaking_difficulty": 0.0,
    "deg_severity": 0.04268324654734174,
    "fuel_coef": 0.04072672680768472,
    "n_races": 3,
    "fallback": false
  },
  "Jeddah": {
    "circuit": "Jeddah",
    "n_laps": 50,
    "base_lap_time": 94.3965,
    "pit_loss": 21.715000000000003,
    "sc_prob": 1.0,
    "vsc_prob": 0.4,
    "sc_expected_laps": 6.4,
    "passes_per_race": 82.0,
    "overtaking_difficulty": 0.8008705114254624,
    "deg_severity": 0.022972153610632456,
    "fuel_coef": 0.06765997252389916,
    "n_races": 5,
    "fallback": false
  },
  "Yas Island": {
    "circuit": "Yas Island",
    "n_laps": 58,
    "base_lap_time": 89.66,
    "pit_loss": 23.363000000000014,
    "sc_prob": 0.2,
    "vsc_prob": 0.4,
    "sc_expected_laps": 2.2,
    "passes_per_race": 181.2,
    "overtaking_difficulty": 0.15321001088139286,
    "deg_severity": 0.06644776320616323,
    "fuel_coef": 0.052747810802719175,
    "n_races": 5,
    "fallback": false
  },
  "Melbourne": {
    "circuit": "Melbourne",
    "n_laps": 58,
    "base_lap_time": 83.54124999999999,
    "pit_loss": 21.59349999999999,
    "sc_prob": 0.5,
    "vsc_prob": 1.0,
    "sc_expected_laps": 7.5,
    "passes_per_race": 110.0,
    "overtaking_difficulty": 0.618063112078346,
    "deg_severity": 0.04109291031955523,
    "fuel_coef": 0.05301974402789172,
    "n_races": 4,
    "fallback": false
  },
  "Montr\u00e9al": {
    "circuit": "Montr\u00e9al",
    "n_laps": 70,
    "base_lap_time": 78.12049999999999,
    "pit_loss": 20.168999999999997,
    "sc_prob": 1.0,
    "vsc_prob": 1.0,
    "sc_expected_laps": 8.0,
    "passes_per_race": 114.0,
    "overtaking_difficulty": 0.5919477693144722,
    "deg_severity": 0.03475936114037112,
    "fuel_coef": 0.040201882511924435,
    "n_races": 2,
    "fallback": false
  },
  "Spa-Francorchamps": {
    "circuit": "Spa-Francorchamps",
    "n_laps": 44,
    "base_lap_time": 111.68574999999998,
    "pit_loss": 19.45150000000001,
    "sc_prob": 0.5,
    "vsc_prob": 0.0,
    "sc_expected_laps": 1.5,
    "passes_per_race": 170.5,
    "overtaking_difficulty": 0.22306855277475512,
    "deg_severity": 0.07178416306530079,
    "fuel_coef": 0.07835589702736356,
    "n_races": 2,
    "fallback": false
  },
  "Miami": {
    "circuit": "Miami",
    "n_laps": 57,
    "base_lap_time": 92.89275,
    "pit_loss": 20.752000000000002,
    "sc_prob": 0.5,
    "vsc_prob": 0.5,
    "sc_expected_laps": 3.0,
    "passes_per_race": 133.5,
    "overtaking_difficulty": 0.4646354733405875,
    "deg_severity": 0.024526486224084376,
    "fuel_coef": 0.05173367219900502,
    "n_races": 2,
    "fallback": false
  },
  "Budapest": {
    "circuit": "Budapest",
    "n_laps": 70,
    "base_lap_time": 84.3805,
    "pit_loss": 20.916999999999987,
    "sc_prob": 0.0,
    "vsc_prob": 0.0,
    "sc_expected_laps": 0.0,
    "passes_per_race": 171.33333333333334,
    "overtaking_difficulty": 0.21762785636561466,